{"cameraMode":{"drawMode":0,"name":"Shaded","section":"Shading Mode"},"sceneLighting":true,"audioPlay":false,"sceneViewState":{"showFog":true,"showMaterialUpdate":false,"showSkybox":true,"showFlares":true,"showImageEffects":true,"showParticleSystems":true},"in2DMode":false,"pivot":{"x":6.471807479858398,"y":-232.581787109375,"z":128.6607666015625},"rotation":{"x":0.0004943409003317356,"y":0.9887193441390991,"z":-0.14974352717399598,"w":0.0032630362547934057},"size":974.7452392578125,"orthographic":false}